"account","period","start_date","end_date","commodity","value"
"Net position","2012-01-01","2012-01-01","2012-01-01","USD","20077.70"
"Net position","2012-01-02","2012-01-02","2012-01-02","USD","20077.70"
"Net position","2012-01-03","2012-01-03","2012-01-03","USD","20077.70"
"Net position","2012-01-04","2012-01-04","2012-01-04","USD","20051.38"
"Net position","2012-01-05","2012-01-05","2012-01-05","USD","21390.61"
"Net position","2012-01-06","2012-01-06","2012-01-06","USD","19512.72"
"Net position","2012-01-07","2012-01-07","2012-01-07","USD","19512.72"
"Net position","2012-01-08","2012-01-08","2012-01-08","USD","19423.56"
"Net position","2012-01-09","2012-01-09","2012-01-09","USD","17640.26"
"Net position","2012-01-10","2012-01-10","2012-01-10","USD","17640.26"
"Net position","2012-01-11","2012-01-11","2012-01-11","USD","17603.82"
"Net position","2012-01-12","2012-01-12","2012-01-12","USD","17603.82"
"Net position","2012-01-13","2012-01-13","2012-01-13","USD","17603.82"
"Net position","2012-01-14","2012-01-14","2012-01-14","USD","17574.60"
"Net position","2012-01-15","2012-01-15","2012-01-15","USD","17574.60"
"Net position","2012-01-16","2012-01-16","2012-01-16","USD","17574.60"
"Net position","2012-01-17","2012-01-17","2012-01-17","USD","17574.60"
"Net position","2012-01-18","2012-01-18","2012-01-18","USD","17574.60"
"Net position","2012-01-19","2012-01-19","2012-01-19","USD","18786.42"
"Net position","2012-01-20","2012-01-20","2012-01-20","USD","19386.42"
"Net position","2012-01-21","2012-01-21","2012-01-21","USD","19386.42"
"Net position","2012-01-22","2012-01-22","2012-01-22","USD","19276.13"
"Net position","2012-01-23","2012-01-23","2012-01-23","USD","17493.24"
"Net position","2012-01-24","2012-01-24","2012-01-24","USD","17493.24"
"Net position","2012-01-25","2012-01-25","2012-01-25","USD","17493.24"
"Net position","2012-01-26","2012-01-26","2012-01-26","USD","17425.36"
"Net position","2012-01-27","2012-01-27","2012-01-27","USD","17330.16"
"Net position","2012-01-28","2012-01-28","2012-01-28","USD","17330.16"
"Net position","2012-01-29","2012-01-29","2012-01-29","USD","17210.16"
"Net position","2012-01-30","2012-01-30","2012-01-30","USD","17210.16"
"Net position","2012-01-31","2012-01-31","2012-01-31","USD","17210.16"
"Net position","2012-02-01","2012-02-01","2012-02-01","USD","17184.32"
"Net position","2012-02-02","2012-02-02","2012-02-02","USD","18539.54"
"Net position","2012-02-03","2012-02-03","2012-02-03","USD","19089.38"
"Net position","2012-02-04","2012-02-04","2012-02-04","USD","19048.65"
"Net position","2012-02-05","2012-02-05","2012-02-05","USD","16648.65"
"Net position","2012-02-06","2012-02-06","2012-02-06","USD","14865.66"
"Net position","2012-02-07","2012-02-07","2012-02-07","USD","14865.66"
"Net position","2012-02-08","2012-02-08","2012-02-08","USD","14837.55"
"Net position","2012-02-09","2012-02-09","2012-02-09","USD","14751.43"
"Net position","2012-02-10","2012-02-10","2012-02-10","USD","14751.43"
"Net position","2012-02-11","2012-02-11","2012-02-11","USD","14709.80"
"Net position","2012-02-12","2012-02-12","2012-02-12","USD","14709.80"
"Net position","2012-02-13","2012-02-13","2012-02-13","USD","14709.80"
"Net position","2012-02-14","2012-02-14","2012-02-14","USD","14709.80"
"Net position","2012-02-15","2012-02-15","2012-02-15","USD","14643.04"
"Net position","2012-02-16","2012-02-16","2012-02-16","USD","15979.37"
"Net position","2012-02-17","2012-02-17","2012-02-17","USD","16579.37"
"Net position","2012-02-18","2012-02-18","2012-02-18","USD","16566.43"
"Net position","2012-02-19","2012-02-19","2012-02-19","USD","16566.43"
"Net position","2012-02-20","2012-02-20","2012-02-20","USD","14767.71"
"Net position","2012-02-21","2012-02-21","2012-02-21","USD","14767.71"
"Net position","2012-02-22","2012-02-22","2012-02-22","USD","14767.71"
"Net position","2012-02-23","2012-02-23","2012-02-23","USD","14687.82"
"Net position","2012-02-24","2012-02-24","2012-02-24","USD","14648.46"
"Net position","2012-02-25","2012-02-25","2012-02-25","USD","14580.35"
"Net position","2012-02-26","2012-02-26","2012-02-26","USD","14580.35"
"Net position","2012-02-27","2012-02-27","2012-02-27","USD","14547.40"
"Net position","2012-02-28","2012-02-28","2012-02-28","USD","14427.40"
"Net position","2012-02-29","2012-02-29","2012-02-29","USD","14427.40"
"Net position","2012-03-01","2012-03-01","2012-03-01","USD","15717.08"
"Net position","2012-03-02","2012-03-02","2012-03-02","USD","16317.08"
"Net position","2012-03-03","2012-03-03","2012-03-03","USD","16317.08"
"Net position","2012-03-04","2012-03-04","2012-03-04","USD","13899.47"
"Net position","2012-03-05","2012-03-05","2012-03-05","USD","12077.12"
"Net position","2012-03-06","2012-03-06","2012-03-06","USD","12077.12"
"Net position","2012-03-07","2012-03-07","2012-03-07","USD","12051.93"
"Net position","2012-03-08","2012-03-08","2012-03-08","USD","12051.93"
"Net position","2012-03-09","2012-03-09","2012-03-09","USD","11986.93"
"Net position","2012-03-10","2012-03-10","2012-03-10","USD","11986.93"
"Net position","2012-03-11","2012-03-11","2012-03-11","USD","11926.85"
"Net position","2012-03-12","2012-03-12","2012-03-12","USD","11926.85"
"Net position","2012-03-13","2012-03-13","2012-03-13","USD","11926.85"
"Net position","2012-03-14","2012-03-14","2012-03-14","USD","11895.15"
"Net position","2012-03-15","2012-03-15","2012-03-15","USD","13250.37"
"Net position","2012-03-16","2012-03-16","2012-03-16","USD","13850.37"
"Net position","2012-03-17","2012-03-17","2012-03-17","USD","13796.29"
"Net position","2012-03-18","2012-03-18","2012-03-18","USD","13764.00"
"Net position","2012-03-19","2012-03-19","2012-03-19","USD","11981.91"
"Net position","2012-03-20","2012-03-20","2012-03-20","USD","11981.91"
"Net position","2012-03-21","2012-03-21","2012-03-21","USD","11901.79"
"Net position","2012-03-22","2012-03-22","2012-03-22","USD","11881.35"
"Net position","2012-03-23","2012-03-23","2012-03-23","USD","11852.68"
"Net position","2012-03-24","2012-03-24","2012-03-24","USD","11827.25"
"Net position","2012-03-25","2012-03-25","2012-03-25","USD","11827.25"
"Net position","2012-03-26","2012-03-26","2012-03-26","USD","11827.25"
"Net position","2012-03-27","2012-03-27","2012-03-27","USD","11827.25"
"Net position","2012-03-28","2012-03-28","2012-03-28","USD","11636.05"
"Net position","2012-03-29","2012-03-29","2012-03-29","USD","12925.79"
"Net position","2012-03-30","2012-03-30","2012-03-30","USD","13507.76"
"Net position","2012-03-31","2012-03-31","2012-03-31","USD","13507.76"
"Net position","2012-04-01","2012-04-01","2012-04-01","USD","13507.76"
"Net position","2012-04-02","2012-04-02","2012-04-02","USD","11707.86"
"Net position","2012-04-03","2012-04-03","2012-04-03","USD","9307.86"
"Net position","2012-04-04","2012-04-04","2012-04-04","USD","9273.28"
"Net position","2012-04-05","2012-04-05","2012-04-05","USD","9273.28"
"Net position","2012-04-06","2012-04-06","2012-04-06","USD","9273.28"
"Net position","2012-04-07","2012-04-07","2012-04-07","USD","9273.28"
"Net position","2012-04-08","2012-04-08","2012-04-08","USD","9181.12"
"Net position","2012-04-09","2012-04-09","2012-04-09","USD","9181.12"
"Net position","2012-04-10","2012-04-10","2012-04-10","USD","9149.16"
"Net position","2012-04-11","2012-04-11","2012-04-11","USD","9045.57"
"Net position","2012-04-12","2012-04-12","2012-04-12","USD","10400.79"
"Net position","2012-04-13","2012-04-13","2012-04-13","USD","11000.79"
"Net position","2012-04-14","2012-04-14","2012-04-14","USD","11000.79"
"Net position","2012-04-15","2012-04-15","2012-04-15","USD","11000.79"
"Net position","2012-04-16","2012-04-16","2012-04-16","USD","9193.27"
"Net position","2012-04-17","2012-04-17","2012-04-17","USD","9193.27"
"Net position","2012-04-18","2012-04-18","2012-04-18","USD","9193.27"
"Net position","2012-04-19","2012-04-19","2012-04-19","USD","9193.27"
"Net position","2012-04-20","2012-04-20","2012-04-20","USD","9165.54"
"Net position","2012-04-21","2012-04-21","2012-04-21","USD","9165.54"
"Net position","2012-04-22","2012-04-22","2012-04-22","USD","9085.43"
"Net position","2012-04-23","2012-04-23","2012-04-23","USD","9085.43"
"Net position","2012-04-24","2012-04-24","2012-04-24","USD","8943.76"
"Net position","2012-04-25","2012-04-25","2012-04-25","USD","8925.17"
"Net position","2012-04-26","2012-04-26","2012-04-26","USD","10224.39"
"Net position","2012-04-27","2012-04-27","2012-04-27","USD","10824.39"
"Net position","2012-04-28","2012-04-28","2012-04-28","USD","10824.39"
"Net position","2012-04-29","2012-04-29","2012-04-29","USD","10824.39"
"Net position","2012-04-30","2012-04-30","2012-04-30","USD","8949.83"
"Net position","2012-05-01","2012-05-01","2012-05-01","USD","8949.83"
"Net position","2012-05-02","2012-05-02","2012-05-02","USD","8949.83"
"Net position","2012-05-03","2012-05-03","2012-05-03","USD","8911.90"
"Net position","2012-05-04","2012-05-04","2012-05-04","USD","6507.90"
"Net position","2012-05-05","2012-05-05","2012-05-05","USD","6481.17"
"Net position","2012-05-06","2012-05-06","2012-05-06","USD","6481.17"
"Net position","2012-05-07","2012-05-07","2012-05-07","USD","6465.33"
"Net position","2012-05-08","2012-05-08","2012-05-08","USD","6400.33"
"Net position","2012-05-09","2012-05-09","2012-05-09","USD","6400.33"
"Net position","2012-05-10","2012-05-10","2012-05-10","USD","7728.33"
"Net position","2012-05-11","2012-05-11","2012-05-11","USD","8328.33"
"Net position","2012-05-12","2012-05-12","2012-05-12","USD","8187.07"
"Net position","2012-05-13","2012-05-13","2012-05-13","USD","8187.07"
"Net position","2012-05-14","2012-05-14","2012-05-14","USD","6405.35"
"Net position","2012-05-15","2012-05-15","2012-05-15","USD","6388.07"
"Net position","2012-05-16","2012-05-16","2012-05-16","USD","6388.07"
"Net position","2012-05-17","2012-05-17","2012-05-17","USD","6388.07"
"Net position","2012-05-18","2012-05-18","2012-05-18","USD","6388.07"
"Net position","2012-05-19","2012-05-19","2012-05-19","USD","6358.99"
"Net position","2012-05-20","2012-05-20","2012-05-20","USD","6358.99"
"Net position","2012-05-21","2012-05-21","2012-05-21","USD","6344.68"
"Net position","2012-05-22","2012-05-22","2012-05-22","USD","6344.68"
"Net position","2012-05-23","2012-05-23","2012-05-23","USD","6144.62"
"Net position","2012-05-24","2012-05-24","2012-05-24","USD","7499.84"
"Net position","2012-05-25","2012-05-25","2012-05-25","USD","8099.84"
"Net position","2012-05-26","2012-05-26","2012-05-26","USD","8015.08"
"Net position","2012-05-27","2012-05-27","2012-05-27","USD","8015.08"
"Net position","2012-05-28","2012-05-28","2012-05-28","USD","6232.92"
"Net position","2012-05-29","2012-05-29","2012-05-29","USD","6150.97"
"Net position","2012-05-30","2012-05-30","2012-05-30","USD","6127.31"
"Net position","2012-05-31","2012-05-31","2012-05-31","USD","6127.31"
"Net position","2012-06-01","2012-06-01","2012-06-01","USD","6127.31"
"Net position","2012-06-02","2012-06-02","2012-06-02","USD","6127.31"
"Net position","2012-06-03","2012-06-03","2012-06-03","USD","6127.31"
"Net position","2012-06-04","2012-06-04","2012-06-04","USD","6092.22"
"Net position","2012-06-05","2012-06-05","2012-06-05","USD","3692.22"
"Net position","2012-06-06","2012-06-06","2012-06-06","USD","3692.22"
"Net position","2012-06-07","2012-06-07","2012-06-07","USD","5047.44"
"Net position","2012-06-08","2012-06-08","2012-06-08","USD","5582.44"
"Net position","2012-06-09","2012-06-09","2012-06-09","USD","5548.33"
"Net position","2012-06-10","2012-06-10","2012-06-10","USD","5548.33"
"Net position","2012-06-11","2012-06-11","2012-06-11","USD","3728.73"
"Net position","2012-06-12","2012-06-12","2012-06-12","USD","3714.44"
"Net position","2012-06-13","2012-06-13","2012-06-13","USD","3714.44"
"Net position","2012-06-14","2012-06-14","2012-06-14","USD","3714.44"
"Net position","2012-06-15","2012-06-15","2012-06-15","USD","3714.44"
"Net position","2012-06-16","2012-06-16","2012-06-16","USD","3714.44"
"Net position","2012-06-17","2012-06-17","2012-06-17","USD","3605.53"
"Net position","2012-06-18","2012-06-18","2012-06-18","USD","3605.53"
"Net position","2012-06-19","2012-06-19","2012-06-19","USD","3485.53"
"Net position","2012-06-20","2012-06-20","2012-06-20","USD","3467.31"
"Net position","2012-06-21","2012-06-21","2012-06-21","USD","4790.83"
"Net position","2012-06-22","2012-06-22","2012-06-22","USD","5310.87"
"Net position","2012-06-23","2012-06-23","2012-06-23","USD","5310.87"
"Net position","2012-06-24","2012-06-24","2012-06-24","USD","5310.87"
"Net position","2012-06-25","2012-06-25","2012-06-25","USD","3506.80"
"Net position","2012-06-26","2012-06-26","2012-06-26","USD","3506.80"
"Net position","2012-06-27","2012-06-27","2012-06-27","USD","3506.80"
"Net position","2012-06-28","2012-06-28","2012-06-28","USD","3506.80"
"Net position","2012-06-29","2012-06-29","2012-06-29","USD","3471.62"
"Net position","2012-06-30","2012-06-30","2012-06-30","USD","3471.62"
"Net position","2012-07-01","2012-07-01","2012-07-01","USD","3431.94"
"Net position","2012-07-02","2012-07-02","2012-07-02","USD","3399.36"
"Net position","2012-07-03","2012-07-03","2012-07-03","USD","3399.36"
"Net position","2012-07-04","2012-07-04","2012-07-04","USD","3395.36"
"Net position","2012-07-05","2012-07-05","2012-07-05","USD","4750.58"
"Net position","2012-07-06","2012-07-06","2012-07-06","USD","2919.16"
"Net position","2012-07-07","2012-07-07","2012-07-07","USD","2789.14"
"Net position","2012-07-08","2012-07-08","2012-07-08","USD","2789.14"
"Net position","2012-07-09","2012-07-09","2012-07-09","USD","942.26"
"Net position","2012-07-10","2012-07-10","2012-07-10","USD","942.26"
"Net position","2012-07-11","2012-07-11","2012-07-11","USD","897.95"
"Net position","2012-07-12","2012-07-12","2012-07-12","USD","897.95"
"Net position","2012-07-13","2012-07-13","2012-07-13","USD","897.95"
"Net position","2012-07-14","2012-07-14","2012-07-14","USD","897.95"
"Net position","2012-07-15","2012-07-15","2012-07-15","USD","855.62"
"Net position","2012-07-16","2012-07-16","2012-07-16","USD","735.62"
"Net position","2012-07-17","2012-07-17","2012-07-17","USD","711.32"
"Net position","2012-07-18","2012-07-18","2012-07-18","USD","711.32"
"Net position","2012-07-19","2012-07-19","2012-07-19","USD","3066.54"
"Net position","2012-07-20","2012-07-20","2012-07-20","USD","3085.68"
"Net position","2012-07-21","2012-07-21","2012-07-21","USD","3085.68"
"Net position","2012-07-22","2012-07-22","2012-07-22","USD","3085.68"
"Net position","2012-07-23","2012-07-23","2012-07-23","USD","2708.47"
"Net position","2012-07-24","2012-07-24","2012-07-24","USD","2679.69"
"Net position","2012-07-25","2012-07-25","2012-07-25","USD","2679.69"
"Net position","2012-07-26","2012-07-26","2012-07-26","USD","2679.69"
"Net position","2012-07-27","2012-07-27","2012-07-27","USD","2679.69"
"Net position","2012-07-28","2012-07-28","2012-07-28","USD","2653.56"
"Net position","2012-07-29","2012-07-29","2012-07-29","USD","2653.56"
"Net position","2012-07-30","2012-07-30","2012-07-30","USD","2653.56"
"Net position","2012-07-31","2012-07-31","2012-07-31","USD","2653.56"
"Net position","2012-08-01","2012-08-01","2012-08-01","USD","2653.56"
"Net position","2012-08-02","2012-08-02","2012-08-02","USD","5159.51"
"Net position","2012-08-03","2012-08-03","2012-08-03","USD","5159.51"
"Net position","2012-08-04","2012-08-04","2012-08-04","USD","2646.20"
"Net position","2012-08-05","2012-08-05","2012-08-05","USD","2646.20"
"Net position","2012-08-06","2012-08-06","2012-08-06","USD","2646.20"
"Net position","2012-08-07","2012-08-07","2012-08-07","USD","2615.09"
"Net position","2012-08-08","2012-08-08","2012-08-08","USD","2615.09"
"Net position","2012-08-09","2012-08-09","2012-08-09","USD","2511.32"
"Net position","2012-08-10","2012-08-10","2012-08-10","USD","2511.32"
"Net position","2012-08-11","2012-08-11","2012-08-11","USD","2511.32"
"Net position","2012-08-12","2012-08-12","2012-08-12","USD","2511.32"
"Net position","2012-08-13","2012-08-13","2012-08-13","USD","2448.46"
"Net position","2012-08-14","2012-08-14","2012-08-14","USD","2448.46"
"Net position","2012-08-15","2012-08-15","2012-08-15","USD","2448.46"
"Net position","2012-08-16","2012-08-16","2012-08-16","USD","4883.68"
"Net position","2012-08-17","2012-08-17","2012-08-17","USD","4883.68"
"Net position","2012-08-18","2012-08-18","2012-08-18","USD","4850.69"
"Net position","2012-08-19","2012-08-19","2012-08-19","USD","4850.69"
"Net position","2012-08-20","2012-08-20","2012-08-20","USD","4850.69"
"Net position","2012-08-21","2012-08-21","2012-08-21","USD","4850.69"
"Net position","2012-08-22","2012-08-22","2012-08-22","USD","4750.65"
"Net position","2012-08-23","2012-08-23","2012-08-23","USD","4641.84"
"Net position","2012-08-24","2012-08-24","2012-08-24","USD","4641.84"
"Net position","2012-08-25","2012-08-25","2012-08-25","USD","4641.84"
"Net position","2012-08-26","2012-08-26","2012-08-26","USD","4641.84"
"Net position","2012-08-27","2012-08-27","2012-08-27","USD","4621.31"
"Net position","2012-08-28","2012-08-28","2012-08-28","USD","4621.31"
"Net position","2012-08-29","2012-08-29","2012-08-29","USD","4621.31"
"Net position","2012-08-30","2012-08-30","2012-08-30","USD","7110.65"
"Net position","2012-08-31","2012-08-31","2012-08-31","USD","7079.75"
"Net position","2012-09-01","2012-09-01","2012-09-01","USD","7052.88"
"Net position","2012-09-02","2012-09-02","2012-09-02","USD","7014.18"
"Net position","2012-09-03","2012-09-03","2012-09-03","USD","7014.18"
"Net position","2012-09-04","2012-09-04","2012-09-04","USD","7010.18"
"Net position","2012-09-05","2012-09-05","2012-09-05","USD","4610.18"
"Net position","2012-09-06","2012-09-06","2012-09-06","USD","4591.36"
"Net position","2012-09-07","2012-09-07","2012-09-07","USD","4591.36"
"Net position","2012-09-08","2012-09-08","2012-09-08","USD","4572.54"
"Net position","2012-09-09","2012-09-09","2012-09-09","USD","4507.54"
"Net position","2012-09-10","2012-09-10","2012-09-10","USD","4507.54"
"Net position","2012-09-11","2012-09-11","2012-09-11","USD","4484.27"
"Net position","2012-09-12","2012-09-12","2012-09-12","USD","4484.27"
"Net position","2012-09-13","2012-09-13","2012-09-13","USD","6960.40"
"Net position","2012-09-14","2012-09-14","2012-09-14","USD","6960.40"
"Net position","2012-09-15","2012-09-15","2012-09-15","USD","6960.40"
"Net position","2012-09-16","2012-09-16","2012-09-16","USD","6932.09"
"Net position","2012-09-17","2012-09-17","2012-09-17","USD","6812.09"
"Net position","2012-09-18","2012-09-18","2012-09-18","USD","3445.38"
"Net position","2012-09-19","2012-09-19","2012-09-19","USD","3445.38"
"Net position","2012-09-20","2012-09-20","2012-09-20","USD","3445.38"
"Net position","2012-09-21","2012-09-21","2012-09-21","USD","3445.38"
"Net position","2012-09-22","2012-09-22","2012-09-22","USD","3365.19"
"Net position","2012-09-23","2012-09-23","2012-09-23","USD","3319.51"
"Net position","2012-09-24","2012-09-24","2012-09-24","USD","3319.51"
"Net position","2012-09-25","2012-09-25","2012-09-25","USD","3241.94"
"Net position","2012-09-26","2012-09-26","2012-09-26","USD","3241.94"
"Net position","2012-09-27","2012-09-27","2012-09-27","USD","5709.43"
"Net position","2012-09-28","2012-09-28","2012-09-28","USD","5685.01"
"Net position","2012-09-29","2012-09-29","2012-09-29","USD","5685.01"
"Net position","2012-09-30","2012-09-30","2012-09-30","USD","5646.43"
"Net position","2012-10-01","2012-10-01","2012-10-01","USD","5646.43"
"Net position","2012-10-02","2012-10-02","2012-10-02","USD","5646.43"
"Net position","2012-10-03","2012-10-03","2012-10-03","USD","3246.43"
"Net position","2012-10-04","2012-10-04","2012-10-04","USD","3242.43"
"Net position","2012-10-05","2012-10-05","2012-10-05","USD","3216.62"
"Net position","2012-10-06","2012-10-06","2012-10-06","USD","3194.28"
"Net position","2012-10-07","2012-10-07","2012-10-07","USD","3194.28"
"Net position","2012-10-08","2012-10-08","2012-10-08","USD","3097.24"
"Net position","2012-10-09","2012-10-09","2012-10-09","USD","3097.24"
"Net position","2012-10-10","2012-10-10","2012-10-10","USD","3097.24"
"Net position","2012-10-11","2012-10-11","2012-10-11","USD","5652.46"
"Net position","2012-10-12","2012-10-12","2012-10-12","USD","5652.46"
"Net position","2012-10-13","2012-10-13","2012-10-13","USD","5626.40"
"Net position","2012-10-14","2012-10-14","2012-10-14","USD","5418.24"
"Net position","2012-10-15","2012-10-15","2012-10-15","USD","5389.54"
"Net position","2012-10-16","2012-10-16","2012-10-16","USD","5389.54"
"Net position","2012-10-17","2012-10-17","2012-10-17","USD","5389.54"
"Net position","2012-10-18","2012-10-18","2012-10-18","USD","5364.49"
"Net position","2012-10-19","2012-10-19","2012-10-19","USD","5364.49"
"Net position","2012-10-20","2012-10-20","2012-10-20","USD","5364.49"
"Net position","2012-10-21","2012-10-21","2012-10-21","USD","5350.03"
"Net position","2012-10-22","2012-10-22","2012-10-22","USD","5237.30"
"Net position","2012-10-23","2012-10-23","2012-10-23","USD","5237.30"
"Net position","2012-10-24","2012-10-24","2012-10-24","USD","5237.30"
"Net position","2012-10-25","2012-10-25","2012-10-25","USD","3538.79"
"Net position","2012-10-26","2012-10-26","2012-10-26","USD","3506.61"
"Net position","2012-10-27","2012-10-27","2012-10-27","USD","3469.02"
"Net position","2012-10-28","2012-10-28","2012-10-28","USD","3416.60"
"Net position","2012-10-29","2012-10-29","2012-10-29","USD","3416.60"
"Net position","2012-10-30","2012-10-30","2012-10-30","USD","3416.60"
"Net position","2012-10-31","2012-10-31","2012-10-31","USD","3377.92"
"Net position","2012-11-01","2012-11-01","2012-11-01","USD","3377.92"
"Net position","2012-11-02","2012-11-02","2012-11-02","USD","3222.95"
"Net position","2012-11-03","2012-11-03","2012-11-03","USD","3178.70"
"Net position","2012-11-04","2012-11-04","2012-11-04","USD","3075.93"
"Net position","2012-11-05","2012-11-05","2012-11-05","USD","637.96"
"Net position","2012-11-06","2012-11-06","2012-11-06","USD","558.14"
"Net position","2012-11-07","2012-11-07","2012-11-07","USD","558.14"
"Net position","2012-11-08","2012-11-08","2012-11-08","USD","3045.23"
"Net position","2012-11-09","2012-11-09","2012-11-09","USD","2929.31"
"Net position","2012-11-10","2012-11-10","2012-11-10","USD","2769.97"
"Net position","2012-11-11","2012-11-11","2012-11-11","USD","2769.97"
"Net position","2012-11-12","2012-11-12","2012-11-12","USD","2720.93"
"Net position","2012-11-13","2012-11-13","2012-11-13","USD","2681.92"
"Net position","2012-11-14","2012-11-14","2012-11-14","USD","2645.76"
"Net position","2012-11-15","2012-11-15","2012-11-15","USD","2645.76"
"Net position","2012-11-16","2012-11-16","2012-11-16","USD","2645.76"
"Net position","2012-11-17","2012-11-17","2012-11-17","USD","2645.76"
"Net position","2012-11-18","2012-11-18","2012-11-18","USD","2614.59"
"Net position","2012-11-19","2012-11-19","2012-11-19","USD","2614.59"
"Net position","2012-11-20","2012-11-20","2012-11-20","USD","2541.39"
"Net position","2012-11-21","2012-11-21","2012-11-21","USD","2505.11"
"Net position","2012-11-22","2012-11-22","2012-11-22","USD","4980.47"
"Net position","2012-11-23","2012-11-23","2012-11-23","USD","4980.47"
"Net position","2012-11-24","2012-11-24","2012-11-24","USD","4964.04"
"Net position","2012-11-25","2012-11-25","2012-11-25","USD","4964.04"
"Net position","2012-11-26","2012-11-26","2012-11-26","USD","4964.04"
"Net position","2012-11-27","2012-11-27","2012-11-27","USD","4964.04"
"Net position","2012-11-28","2012-11-28","2012-11-28","USD","4872.91"
"Net position","2012-11-29","2012-11-29","2012-11-29","USD","4849.60"
"Net position","2012-11-30","2012-11-30","2012-11-30","USD","4849.60"
"Net position","2012-12-01","2012-12-01","2012-12-01","USD","4849.60"
"Net position","2012-12-02","2012-12-02","2012-12-02","USD","4849.60"
"Net position","2012-12-03","2012-12-03","2012-12-03","USD","2295.85"
"Net position","2012-12-04","2012-12-04","2012-12-04","USD","2291.85"
"Net position","2012-12-05","2012-12-05","2012-12-05","USD","2291.85"
"Net position","2012-12-06","2012-12-06","2012-12-06","USD","4858.77"
"Net position","2012-12-07","2012-12-07","2012-12-07","USD","4858.77"
"Net position","2012-12-08","2012-12-08","2012-12-08","USD","4858.77"
"Net position","2012-12-09","2012-12-09","2012-12-09","USD","4793.77"
"Net position","2012-12-10","2012-12-10","2012-12-10","USD","4793.77"
"Net position","2012-12-11","2012-12-11","2012-12-11","USD","4746.98"
"Net position","2012-12-12","2012-12-12","2012-12-12","USD","4746.98"
"Net position","2012-12-13","2012-12-13","2012-12-13","USD","4746.98"
"Net position","2012-12-14","2012-12-14","2012-12-14","USD","4605.87"
"Net position","2012-12-15","2012-12-15","2012-12-15","USD","4579.42"
"Net position","2012-12-16","2012-12-16","2012-12-16","USD","4579.42"
"Net position","2012-12-17","2012-12-17","2012-12-17","USD","4504.64"
"Net position","2012-12-18","2012-12-18","2012-12-18","USD","4504.64"
"Net position","2012-12-19","2012-12-19","2012-12-19","USD","4438.12"
"Net position","2012-12-20","2012-12-20","2012-12-20","USD","7243.61"
"Net position","2012-12-21","2012-12-21","2012-12-21","USD","7214.22"
"Net position","2012-12-22","2012-12-22","2012-12-22","USD","7187.12"
"Net position","2012-12-23","2012-12-23","2012-12-23","USD","7106.95"
"Net position","2012-12-24","2012-12-24","2012-12-24","USD","7069.15"
"Net position","2012-12-25","2012-12-25","2012-12-25","USD","7069.15"
"Net position","2012-12-26","2012-12-26","2012-12-26","USD","7069.15"
"Net position","2012-12-27","2012-12-27","2012-12-27","USD","6996.13"
"Net position","2012-12-28","2012-12-28","2012-12-28","USD","6968.76"
"Net position","2012-12-29","2012-12-29","2012-12-29","USD","6968.76"
"Net position","2012-12-30","2012-12-30","2012-12-30","USD","6919.27"
"Net position","2012-12-31","2012-12-31","2012-12-31","USD","6919.27"
"Net position","2013-01-01","2013-01-01","2013-01-01","USD","24419.27"
"Net position","2013-01-02","2013-01-02","2013-01-02","USD","24378.62"
"Net position","2013-01-03","2013-01-03","2013-01-03","USD","25733.84"
"Net position","2013-01-04","2013-01-04","2013-01-04","USD","23929.84"
"Net position","2013-01-05","2013-01-05","2013-01-05","USD","23929.84"
"Net position","2013-01-06","2013-01-06","2013-01-06","USD","23929.84"
"Net position","2013-01-07","2013-01-07","2013-01-07","USD","22132.10"
"Net position","2013-01-08","2013-01-08","2013-01-08","USD","22019.57"
"Net position","2013-01-09","2013-01-09","2013-01-09","USD","22019.57"
"Net position","2013-01-10","2013-01-10","2013-01-10","USD","22019.57"
"Net position","2013-01-11","2013-01-11","2013-01-11","USD","22019.57"
"Net position","2013-01-12","2013-01-12","2013-01-12","USD","21899.57"
"Net position","2013-01-13","2013-01-13","2013-01-13","USD","21857.01"
"Net position","2013-01-14","2013-01-14","2013-01-14","USD","21857.01"
"Net position","2013-01-15","2013-01-15","2013-01-15","USD","21857.01"
"Net position","2013-01-16","2013-01-16","2013-01-16","USD","21759.54"
"Net position","2013-01-17","2013-01-17","2013-01-17","USD","23079.87"
"Net position","2013-01-18","2013-01-18","2013-01-18","USD","23679.87"
"Net position","2013-01-19","2013-01-19","2013-01-19","USD","23679.87"
"Net position","2013-01-20","2013-01-20","2013-01-20","USD","23679.87"
"Net position","2013-01-21","2013-01-21","2013-01-21","USD","21818.57"
"Net position","2013-01-22","2013-01-22","2013-01-22","USD","21796.97"
"Net position","2013-01-23","2013-01-23","2013-01-23","USD","21769.40"
"Net position","2013-01-24","2013-01-24","2013-01-24","USD","21769.40"
"Net position","2013-01-25","2013-01-25","2013-01-25","USD","21769.40"
"Net position","2013-01-26","2013-01-26","2013-01-26","USD","21769.40"
"Net position","2013-01-27","2013-01-27","2013-01-27","USD","21748.23"
"Net position","2013-01-28","2013-01-28","2013-01-28","USD","21748.23"
"Net position","2013-01-29","2013-01-29","2013-01-29","USD","21748.23"
"Net position","2013-01-30","2013-01-30","2013-01-30","USD","21702.28"
"Net position","2013-01-31","2013-01-31","2013-01-31","USD","23057.50"
"Net position","2013-02-01","2013-02-01","2013-02-01","USD","23657.50"
"Net position","2013-02-02","2013-02-02","2013-02-02","USD","23569.26"
"Net position","2013-02-03","2013-02-03","2013-02-03","USD","23569.26"
"Net position","2013-02-04","2013-02-04","2013-02-04","USD","21764.92"
"Net position","2013-02-05","2013-02-05","2013-02-05","USD","21764.92"
"Net position","2013-02-06","2013-02-06","2013-02-06","USD","19364.92"
"Net position","2013-02-07","2013-02-07","2013-02-07","USD","19364.92"
"Net position","2013-02-08","2013-02-08","2013-02-08","USD","19332.21"
"Net position","2013-02-09","2013-02-09","2013-02-09","USD","19267.21"
"Net position","2013-02-10","2013-02-10","2013-02-10","USD","19245.05"
"Net position","2013-02-11","2013-02-11","2013-02-11","USD","19245.05"
"Net position","2013-02-12","2013-02-12","2013-02-12","USD","19125.05"
"Net position","2013-02-13","2013-02-13","2013-02-13","USD","19075.55"
"Net position","2013-02-14","2013-02-14","2013-02-14","USD","20316.68"
"Net position","2013-02-15","2013-02-15","2013-02-15","USD","20878.92"
"Net position","2013-02-16","2013-02-16","2013-02-16","USD","20878.92"
"Net position","2013-02-17","2013-02-17","2013-02-17","USD","24037.44"
"Net position","2013-02-18","2013-02-18","2013-02-18","USD","22256.75"
"Net position","2013-02-19","2013-02-19","2013-02-19","USD","22256.75"
"Net position","2013-02-20","2013-02-20","2013-02-20","USD","22230.94"
"Net position","2013-02-21","2013-02-21","2013-02-21","USD","22230.94"
"Net position","2013-02-22","2013-02-22","2013-02-22","USD","22150.92"
"Net position","2013-02-23","2013-02-23","2013-02-23","USD","22123.85"
"Net position","2013-02-24","2013-02-24","2013-02-24","USD","22081.83"
"Net position","2013-02-25","2013-02-25","2013-02-25","USD","22081.83"
"Net position","2013-02-26","2013-02-26","2013-02-26","USD","22059.36"
"Net position","2013-02-27","2013-02-27","2013-02-27","USD","22059.36"
"Net position","2013-02-28","2013-02-28","2013-02-28","USD","23414.58"
"Net position","2013-03-01","2013-03-01","2013-03-01","USD","23951.80"
"Net position","2013-03-02","2013-03-02","2013-03-02","USD","23951.80"
"Net position","2013-03-03","2013-03-03","2013-03-03","USD","23844.47"
"Net position","2013-03-04","2013-03-04","2013-03-04","USD","22059.18"
"Net position","2013-03-05","2013-03-05","2013-03-05","USD","19620.36"
"Net position","2013-03-06","2013-03-06","2013-03-06","USD","19620.36"
"Net position","2013-03-07","2013-03-07","2013-03-07","USD","19620.36"
"Net position","2013-03-08","2013-03-08","2013-03-08","USD","19555.36"
"Net position","2013-03-09","2013-03-09","2013-03-09","USD","19555.36"
"Net position","2013-03-10","2013-03-10","2013-03-10","USD","19545.70"
"Net position","2013-03-11","2013-03-11","2013-03-11","USD","19545.70"
"Net position","2013-03-12","2013-03-12","2013-03-12","USD","19545.70"
"Net position","2013-03-13","2013-03-13","2013-03-13","USD","19425.70"
"Net position","2013-03-14","2013-03-14","2013-03-14","USD","20743.27"
"Net position","2013-03-15","2013-03-15","2013-03-15","USD","21343.27"
"Net position","2013-03-16","2013-03-16","2013-03-16","USD","21312.07"
"Net position","2013-03-17","2013-03-17","2013-03-17","USD","21312.07"
"Net position","2013-03-18","2013-03-18","2013-03-18","USD","19530.83"
"Net position","2013-03-19","2013-03-19","2013-03-19","USD","19434.05"
"Net position","2013-03-20","2013-03-20","2013-03-20","USD","16350.54"
"Net position","2013-03-21","2013-03-21","2013-03-21","USD","16270.57"
"Net position","2013-03-22","2013-03-22","2013-03-22","USD","16270.57"
"Net position","2013-03-23","2013-03-23","2013-03-23","USD","16270.57"
"Net position","2013-03-24","2013-03-24","2013-03-24","USD","16248.35"
"Net position","2013-03-25","2013-03-25","2013-03-25","USD","16248.35"
"Net position","2013-03-26","2013-03-26","2013-03-26","USD","16165.14"
"Net position","2013-03-27","2013-03-27","2013-03-27","USD","16165.14"
"Net position","2013-03-28","2013-03-28","2013-03-28","USD","17520.36"
"Net position","2013-03-29","2013-03-29","2013-03-29","USD","18078.17"
"Net position","2013-03-30","2013-03-30","2013-03-30","USD","18078.17"
"Net position","2013-03-31","2013-03-31","2013-03-31","USD","18026.41"
"Net position","2013-04-01","2013-04-01","2013-04-01","USD","16245.01"
"Net position","2013-04-02","2013-04-02","2013-04-02","USD","16245.01"
"Net position","2013-04-03","2013-04-03","2013-04-03","USD","16152.89"
"Net position","2013-04-04","2013-04-04","2013-04-04","USD","15195.87"
"Net position","2013-04-05","2013-04-05","2013-04-05","USD","15195.87"
"Net position","2013-04-06","2013-04-06","2013-04-06","USD","15195.87"
"Net position","2013-04-07","2013-04-07","2013-04-07","USD","15195.87"
"Net position","2013-04-08","2013-04-08","2013-04-08","USD","15195.87"
"Net position","2013-04-09","2013-04-09","2013-04-09","USD","15112.62"
"Net position","2013-04-10","2013-04-10","2013-04-10","USD","14308.56"
"Net position","2013-04-11","2013-04-11","2013-04-11","USD","15633.52"
"Net position","2013-04-12","2013-04-12","2013-04-12","USD","16233.52"
"Net position","2013-04-13","2013-04-13","2013-04-13","USD","16233.52"
"Net position","2013-04-14","2013-04-14","2013-04-14","USD","16233.52"
"Net position","2013-04-15","2013-04-15","2013-04-15","USD","14452.23"
"Net position","2013-04-16","2013-04-16","2013-04-16","USD","14422.80"
"Net position","2013-04-17","2013-04-17","2013-04-17","USD","14422.80"
"Net position","2013-04-18","2013-04-18","2013-04-18","USD","14391.76"
"Net position","2013-04-19","2013-04-19","2013-04-19","USD","14336.20"
"Net position","2013-04-20","2013-04-20","2013-04-20","USD","14336.20"
"Net position","2013-04-21","2013-04-21","2013-04-21","USD","14280.32"
"Net position","2013-04-22","2013-04-22","2013-04-22","USD","14252.25"
"Net position","2013-04-23","2013-04-23","2013-04-23","USD","14133.50"
"Net position","2013-04-24","2013-04-24","2013-04-24","USD","14080.45"
"Net position","2013-04-25","2013-04-25","2013-04-25","USD","15435.67"
"Net position","2013-04-26","2013-04-26","2013-04-26","USD","16035.67"
"Net position","2013-04-27","2013-04-27","2013-04-27","USD","16035.67"
"Net position","2013-04-28","2013-04-28","2013-04-28","USD","15993.92"
"Net position","2013-04-29","2013-04-29","2013-04-29","USD","14150.38"
"Net position","2013-04-30","2013-04-30","2013-04-30","USD","14125.05"
"Net position","2013-05-01","2013-05-01","2013-05-01","USD","14109.99"
"Net position","2013-05-02","2013-05-02","2013-05-02","USD","14109.99"
"Net position","2013-05-03","2013-05-03","2013-05-03","USD","14068.47"
"Net position","2013-05-04","2013-05-04","2013-05-04","USD","14064.47"
"Net position","2013-05-05","2013-05-05","2013-05-05","USD","14064.47"
"Net position","2013-05-06","2013-05-06","2013-05-06","USD","11563.58"
"Net position","2013-05-07","2013-05-07","2013-05-07","USD","11563.58"
"Net position","2013-05-08","2013-05-08","2013-05-08","USD","11537.43"
"Net position","2013-05-09","2013-05-09","2013-05-09","USD","12827.65"
"Net position","2013-05-10","2013-05-10","2013-05-10","USD","14219.70"
"Net position","2013-05-11","2013-05-11","2013-05-11","USD","14191.84"
"Net position","2013-05-12","2013-05-12","2013-05-12","USD","14191.84"
"Net position","2013-05-13","2013-05-13","2013-05-13","USD","12289.94"
"Net position","2013-05-14","2013-05-14","2013-05-14","USD","12289.94"
"Net position","2013-05-15","2013-05-15","2013-05-15","USD","12264.02"
"Net position","2013-05-16","2013-05-16","2013-05-16","USD","12264.02"
"Net position","2013-05-17","2013-05-17","2013-05-17","USD","12264.02"
"Net position","2013-05-18","2013-05-18","2013-05-18","USD","12264.02"
"Net position","2013-05-19","2013-05-19","2013-05-19","USD","12264.02"
"Net position","2013-05-20","2013-05-20","2013-05-20","USD","11848.49"
"Net position","2013-05-21","2013-05-21","2013-05-21","USD","11848.49"
"Net position","2013-05-22","2013-05-22","2013-05-22","USD","11766.95"
"Net position","2013-05-23","2013-05-23","2013-05-23","USD","13042.27"
"Net position","2013-05-24","2013-05-24","2013-05-24","USD","13642.27"
"Net position","2013-05-25","2013-05-25","2013-05-25","USD","13616.99"
"Net position","2013-05-26","2013-05-26","2013-05-26","USD","13616.99"
"Net position","2013-05-27","2013-05-27","2013-05-27","USD","11835.55"
"Net position","2013-05-28","2013-05-28","2013-05-28","USD","11835.55"
"Net position","2013-05-29","2013-05-29","2013-05-29","USD","11826.21"
"Net position","2013-05-30","2013-05-30","2013-05-30","USD","11826.21"
"Net position","2013-05-31","2013-05-31","2013-05-31","USD","11826.21"
"Net position","2013-06-01","2013-06-01","2013-06-01","USD","11826.21"
"Net position","2013-06-02","2013-06-02","2013-06-02","USD","11826.21"
"Net position","2013-06-03","2013-06-03","2013-06-03","USD","11784.98"
"Net position","2013-06-04","2013-06-04","2013-06-04","USD","9380.98"
"Net position","2013-06-05","2013-06-05","2013-06-05","USD","9299.67"
"Net position","2013-06-06","2013-06-06","2013-06-06","USD","10654.89"
"Net position","2013-06-07","2013-06-07","2013-06-07","USD","11254.89"
"Net position","2013-06-08","2013-06-08","2013-06-08","USD","11189.89"
"Net position","2013-06-09","2013-06-09","2013-06-09","USD","11069.89"
"Net position","2013-06-10","2013-06-10","2013-06-10","USD","9196.63"
"Net position","2013-06-11","2013-06-11","2013-06-11","USD","9196.63"
"Net position","2013-06-12","2013-06-12","2013-06-12","USD","9146.96"
"Net position","2013-06-13","2013-06-13","2013-06-13","USD","9146.96"
"Net position","2013-06-14","2013-06-14","2013-06-14","USD","6315.16"
"Net position","2013-06-15","2013-06-15","2013-06-15","USD","6315.16"
"Net position","2013-06-16","2013-06-16","2013-06-16","USD","6315.16"
"Net position","2013-06-17","2013-06-17","2013-06-17","USD","6292.79"
"Net position","2013-06-18","2013-06-18","2013-06-18","USD","6264.88"
"Net position","2013-06-19","2013-06-19","2013-06-19","USD","6264.88"
"Net position","2013-06-20","2013-06-20","2013-06-20","USD","7620.10"
"Net position","2013-06-21","2013-06-21","2013-06-21","USD","8139.90"
"Net position","2013-06-22","2013-06-22","2013-06-22","USD","8059.80"
"Net position","2013-06-23","2013-06-23","2013-06-23","USD","8034.44"
"Net position","2013-06-24","2013-06-24","2013-06-24","USD","6253.22"
"Net position","2013-06-25","2013-06-25","2013-06-25","USD","6253.22"
"Net position","2013-06-26","2013-06-26","2013-06-26","USD","6253.22"
"Net position","2013-06-27","2013-06-27","2013-06-27","USD","6253.22"
"Net position","2013-06-28","2013-06-28","2013-06-28","USD","6222.74"
"Net position","2013-06-29","2013-06-29","2013-06-29","USD","6180.05"
"Net position","2013-06-30","2013-06-30","2013-06-30","USD","6180.05"
"Net position","2013-07-01","2013-07-01","2013-07-01","USD","6180.05"
"Net position","2013-07-02","2013-07-02","2013-07-02","USD","6180.05"
"Net position","2013-07-03","2013-07-03","2013-07-03","USD","6180.05"
"Net position","2013-07-04","2013-07-04","2013-07-04","USD","7368.66"
"Net position","2013-07-05","2013-07-05","2013-07-05","USD","5568.66"
"Net position","2013-07-06","2013-07-06","2013-07-06","USD","5568.66"
"Net position","2013-07-07","2013-07-07","2013-07-07","USD","5568.66"
"Net position","2013-07-08","2013-07-08","2013-07-08","USD","3786.89"
"Net position","2013-07-09","2013-07-09","2013-07-09","USD","3666.31"
"Net position","2013-07-10","2013-07-10","2013-07-10","USD","3666.31"
"Net position","2013-07-11","2013-07-11","2013-07-11","USD","3554.14"
"Net position","2013-07-12","2013-07-12","2013-07-12","USD","3554.14"
"Net position","2013-07-13","2013-07-13","2013-07-13","USD","3522.33"
"Net position","2013-07-14","2013-07-14","2013-07-14","USD","3494.58"
"Net position","2013-07-15","2013-07-15","2013-07-15","USD","3433.53"
"Net position","2013-07-16","2013-07-16","2013-07-16","USD","3382.45"
"Net position","2013-07-17","2013-07-17","2013-07-17","USD","3349.39"
"Net position","2013-07-18","2013-07-18","2013-07-18","USD","5063.43"
"Net position","2013-07-19","2013-07-19","2013-07-19","USD","5393.07"
"Net position","2013-07-20","2013-07-20","2013-07-20","USD","5354.85"
"Net position","2013-07-21","2013-07-21","2013-07-21","USD","5166.22"
"Net position","2013-07-22","2013-07-22","2013-07-22","USD","4101.64"
"Net position","2013-07-23","2013-07-23","2013-07-23","USD","4101.64"
"Net position","2013-07-24","2013-07-24","2013-07-24","USD","4101.64"
"Net position","2013-07-25","2013-07-25","2013-07-25","USD","4101.64"
"Net position","2013-07-26","2013-07-26","2013-07-26","USD","4064.64"
"Net position","2013-07-27","2013-07-27","2013-07-27","USD","3884.50"
"Net position","2013-07-28","2013-07-28","2013-07-28","USD","3884.50"
"Net position","2013-07-29","2013-07-29","2013-07-29","USD","3853.62"
"Net position","2013-07-30","2013-07-30","2013-07-30","USD","3853.62"
"Net position","2013-07-31","2013-07-31","2013-07-31","USD","3853.62"
"Net position","2013-08-01","2013-08-01","2013-08-01","USD","6408.84"
"Net position","2013-08-02","2013-08-02","2013-08-02","USD","6408.84"
"Net position","2013-08-03","2013-08-03","2013-08-03","USD","6379.24"
"Net position","2013-08-04","2013-08-04","2013-08-04","USD","3975.24"
"Net position","2013-08-05","2013-08-05","2013-08-05","USD","3945.88"
"Net position","2013-08-06","2013-08-06","2013-08-06","USD","3925.80"
"Net position","2013-08-07","2013-08-07","2013-08-07","USD","3925.80"
"Net position","2013-08-08","2013-08-08","2013-08-08","USD","3860.80"
"Net position","2013-08-09","2013-08-09","2013-08-09","USD","3860.80"
"Net position","2013-08-10","2013-08-10","2013-08-10","USD","3860.80"
"Net position","2013-08-11","2013-08-11","2013-08-11","USD","3779.50"
"Net position","2013-08-12","2013-08-12","2013-08-12","USD","3779.50"
"Net position","2013-08-13","2013-08-13","2013-08-13","USD","3641.82"
"Net position","2013-08-14","2013-08-14","2013-08-14","USD","3641.82"
"Net position","2013-08-15","2013-08-15","2013-08-15","USD","6197.04"
"Net position","2013-08-16","2013-08-16","2013-08-16","USD","6197.04"
"Net position","2013-08-17","2013-08-17","2013-08-17","USD","6147.62"
"Net position","2013-08-18","2013-08-18","2013-08-18","USD","6147.62"
"Net position","2013-08-19","2013-08-19","2013-08-19","USD","6086.48"
"Net position","2013-08-20","2013-08-20","2013-08-20","USD","4669.78"
"Net position","2013-08-21","2013-08-21","2013-08-21","USD","4669.78"
"Net position","2013-08-22","2013-08-22","2013-08-22","USD","4541.70"
"Net position","2013-08-23","2013-08-23","2013-08-23","USD","4541.70"
"Net position","2013-08-24","2013-08-24","2013-08-24","USD","4503.96"
"Net position","2013-08-25","2013-08-25","2013-08-25","USD","4464.64"
"Net position","2013-08-26","2013-08-26","2013-08-26","USD","4464.64"
"Net position","2013-08-27","2013-08-27","2013-08-27","USD","4464.64"
"Net position","2013-08-28","2013-08-28","2013-08-28","USD","4464.64"
"Net position","2013-08-29","2013-08-29","2013-08-29","USD","7019.86"
"Net position","2013-08-30","2013-08-30","2013-08-30","USD","6980.96"
"Net position","2013-08-31","2013-08-31","2013-08-31","USD","6980.96"
"Net position","2013-09-01","2013-09-01","2013-09-01","USD","6909.32"
"Net position","2013-09-02","2013-09-02","2013-09-02","USD","6909.32"
"Net position","2013-09-03","2013-09-03","2013-09-03","USD","6909.32"
"Net position","2013-09-04","2013-09-04","2013-09-04","USD","6854.92"
"Net position","2013-09-05","2013-09-05","2013-09-05","USD","6822.08"
"Net position","2013-09-06","2013-09-06","2013-09-06","USD","4422.08"
"Net position","2013-09-07","2013-09-07","2013-09-07","USD","4422.08"
"Net position","2013-09-08","2013-09-08","2013-09-08","USD","4422.08"
"Net position","2013-09-09","2013-09-09","2013-09-09","USD","4357.08"
"Net position","2013-09-10","2013-09-10","2013-09-10","USD","4312.98"
"Net position","2013-09-11","2013-09-11","2013-09-11","USD","4297.22"
"Net position","2013-09-12","2013-09-12","2013-09-12","USD","6732.44"
"Net position","2013-09-13","2013-09-13","2013-09-13","USD","6732.44"
"Net position","2013-09-14","2013-09-14","2013-09-14","USD","6732.44"
"Net position","2013-09-15","2013-09-15","2013-09-15","USD","6732.44"
"Net position","2013-09-16","2013-09-16","2013-09-16","USD","6703.06"
"Net position","2013-09-17","2013-09-17","2013-09-17","USD","6703.06"
"Net position","2013-09-18","2013-09-18","2013-09-18","USD","6620.90"
"Net position","2013-09-19","2013-09-19","2013-09-19","USD","6620.90"
"Net position","2013-09-20","2013-09-20","2013-09-20","USD","8062.06"
"Net position","2013-09-21","2013-09-21","2013-09-21","USD","8043.20"
"Net position","2013-09-22","2013-09-22","2013-09-22","USD","7093.00"
"Net position","2013-09-23","2013-09-23","2013-09-23","USD","7013.06"
"Net position","2013-09-24","2013-09-24","2013-09-24","USD","7013.06"
"Net position","2013-09-25","2013-09-25","2013-09-25","USD","6992.50"
"Net position","2013-09-26","2013-09-26","2013-09-26","USD","9547.72"
"Net position","2013-09-27","2013-09-27","2013-09-27","USD","9547.72"
"Net position","2013-09-28","2013-09-28","2013-09-28","USD","9517.38"
"Net position","2013-09-29","2013-09-29","2013-09-29","USD","9517.38"
"Net position","2013-09-30","2013-09-30","2013-09-30","USD","9517.38"
"Net position","2013-10-01","2013-10-01","2013-10-01","USD","9501.50"
"Net position","2013-10-02","2013-10-02","2013-10-02","USD","9501.50"
"Net position","2013-10-03","2013-10-03","2013-10-03","USD","9501.50"
"Net position","2013-10-04","2013-10-04","2013-10-04","USD","8554.94"
"Net position","2013-10-05","2013-10-05","2013-10-05","USD","8468.68"
"Net position","2013-10-06","2013-10-06","2013-10-06","USD","6785.04"
"Net position","2013-10-07","2013-10-07","2013-10-07","USD","6785.04"
"Net position","2013-10-08","2013-10-08","2013-10-08","USD","6694.96"
"Net position","2013-10-09","2013-10-09","2013-10-09","USD","6694.96"
"Net position","2013-10-10","2013-10-10","2013-10-10","USD","9250.18"
"Net position","2013-10-11","2013-10-11","2013-10-11","USD","9136.90"
"Net position","2013-10-12","2013-10-12","2013-10-12","USD","9016.90"
"Net position","2013-10-13","2013-10-13","2013-10-13","USD","9016.90"
"Net position","2013-10-14","2013-10-14","2013-10-14","USD","9016.90"
"Net position","2013-10-15","2013-10-15","2013-10-15","USD","9016.90"
"Net position","2013-10-16","2013-10-16","2013-10-16","USD","8967.60"
"Net position","2013-10-17","2013-10-17","2013-10-17","USD","8967.60"
"Net position","2013-10-18","2013-10-18","2013-10-18","USD","8967.60"
"Net position","2013-10-19","2013-10-19","2013-10-19","USD","8942.12"
"Net position","2013-10-20","2013-10-20","2013-10-20","USD","8942.12"
"Net position","2013-10-21","2013-10-21","2013-10-21","USD","8942.12"
"Net position","2013-10-22","2013-10-22","2013-10-22","USD","8942.12"
"Net position","2013-10-23","2013-10-23","2013-10-23","USD","6957.26"
"Net position","2013-10-24","2013-10-24","2013-10-24","USD","9512.48"
"Net position","2013-10-25","2013-10-25","2013-10-25","USD","9512.48"
"Net position","2013-10-26","2013-10-26","2013-10-26","USD","9512.48"
"Net position","2013-10-27","2013-10-27","2013-10-27","USD","9512.48"
"Net position","2013-10-28","2013-10-28","2013-10-28","USD","9490.24"
"Net position","2013-10-29","2013-10-29","2013-10-29","USD","9342.32"
"Net position","2013-10-30","2013-10-30","2013-10-30","USD","9342.32"
"Net position","2013-10-31","2013-10-31","2013-10-31","USD","9342.32"
"Net position","2013-11-01","2013-11-01","2013-11-01","USD","9327.16"
"Net position","2013-11-02","2013-11-02","2013-11-02","USD","9327.16"
"Net position","2013-11-03","2013-11-03","2013-11-03","USD","9327.16"
"Net position","2013-11-04","2013-11-04","2013-11-04","USD","9323.16"
"Net position","2013-11-05","2013-11-05","2013-11-05","USD","6923.16"
"Net position","2013-11-06","2013-11-06","2013-11-06","USD","6905.06"
"Net position","2013-11-07","2013-11-07","2013-11-07","USD","9460.28"
"Net position","2013-11-08","2013-11-08","2013-11-08","USD","9316.00"
"Net position","2013-11-09","2013-11-09","2013-11-09","USD","9260.72"
"Net position","2013-11-10","2013-11-10","2013-11-10","USD","9260.72"
"Net position","2013-11-11","2013-11-11","2013-11-11","USD","9140.72"
"Net position","2013-11-12","2013-11-12","2013-11-12","USD","9101.24"
"Net position","2013-11-13","2013-11-13","2013-11-13","USD","9101.24"
"Net position","2013-11-14","2013-11-14","2013-11-14","USD","9101.24"
"Net position","2013-11-15","2013-11-15","2013-11-15","USD","9079.92"
"Net position","2013-11-16","2013-11-16","2013-11-16","USD","9079.92"
"Net position","2013-11-17","2013-11-17","2013-11-17","USD","9079.92"
"Net position","2013-11-18","2013-11-18","2013-11-18","USD","9049.32"
"Net position","2013-11-19","2013-11-19","2013-11-19","USD","9049.32"
"Net position","2013-11-20","2013-11-20","2013-11-20","USD","9049.32"
"Net position","2013-11-21","2013-11-21","2013-11-21","USD","11578.08"
"Net position","2013-11-22","2013-11-22","2013-11-22","USD","11497.90"
"Net position","2013-11-23","2013-11-23","2013-11-23","USD","11473.92"
"Net position","2013-11-24","2013-11-24","2013-11-24","USD","11473.92"
"Net position","2013-11-25","2013-11-25","2013-11-25","USD","11473.92"
"Net position","2013-11-26","2013-11-26","2013-11-26","USD","11415.58"
"Net position","2013-11-27","2013-11-27","2013-11-27","USD","11415.58"
"Net position","2013-11-28","2013-11-28","2013-11-28","USD","11380.06"
"Net position","2013-11-29","2013-11-29","2013-11-29","USD","11380.06"
"Net position","2013-11-30","2013-11-30","2013-11-30","USD","11347.76"
"Net position","2013-12-01","2013-12-01","2013-12-01","USD","11280.72"
"Net position","2013-12-02","2013-12-02","2013-12-02","USD","11280.72"
"Net position","2013-12-03","2013-12-03","2013-12-03","USD","11280.72"
"Net position","2013-12-04","2013-12-04","2013-12-04","USD","11276.72"
"Net position","2013-12-05","2013-12-05","2013-12-05","USD","11470.40"
"Net position","2013-12-06","2013-12-06","2013-12-06","USD","11439.80"
"Net position","2013-12-07","2013-12-07","2013-12-07","USD","11295.04"
"Net position","2013-12-08","2013-12-08","2013-12-08","USD","11295.04"
"Net position","2013-12-09","2013-12-09","2013-12-09","USD","11230.04"
"Net position","2013-12-10","2013-12-10","2013-12-10","USD","11230.04"
"Net position","2013-12-11","2013-12-11","2013-12-11","USD","11205.04"
"Net position","2013-12-12","2013-12-12","2013-12-12","USD","11144.58"
"Net position","2013-12-13","2013-12-13","2013-12-13","USD","11024.58"
"Net position","2013-12-14","2013-12-14","2013-12-14","USD","11024.58"
"Net position","2013-12-15","2013-12-15","2013-12-15","USD","11024.58"
"Net position","2013-12-16","2013-12-16","2013-12-16","USD","11024.58"
"Net position","2013-12-17","2013-12-17","2013-12-17","USD","10988.66"
"Net position","2013-12-18","2013-12-18","2013-12-18","USD","10988.66"
"Net position","2013-12-19","2013-12-19","2013-12-19","USD","13825.42"
"Net position","2013-12-20","2013-12-20","2013-12-20","USD","13795.30"
"Net position","2013-12-21","2013-12-21","2013-12-21","USD","13795.30"
"Net position","2013-12-22","2013-12-22","2013-12-22","USD","13761.68"
"Net position","2013-12-23","2013-12-23","2013-12-23","USD","13681.66"
"Net position","2013-12-24","2013-12-24","2013-12-24","USD","13681.66"
"Net position","2013-12-25","2013-12-25","2013-12-25","USD","13681.66"
"Net position","2013-12-26","2013-12-26","2013-12-26","USD","13534.58"
"Net position","2013-12-27","2013-12-27","2013-12-27","USD","13534.58"
"Net position","2013-12-28","2013-12-28","2013-12-28","USD","13534.58"
"Net position","2013-12-29","2013-12-29","2013-12-29","USD","13534.58"
"Net position","2013-12-30","2013-12-30","2013-12-30","USD","13534.58"
"Net position","2013-12-31","2013-12-31","2013-12-31","USD","13519.00"
"Net position","2014-01-01","2014-01-01","2014-01-01","USD","31019.00"
"Net position","2014-01-02","2014-01-02","2014-01-02","USD","32374.22"
"Net position","2014-01-03","2014-01-03","2014-01-03","USD","32974.22"
"Net position","2014-01-04","2014-01-04","2014-01-04","USD","32950.24"
"Net position","2014-01-05","2014-01-05","2014-01-05","USD","32950.24"
"Net position","2014-01-06","2014-01-06","2014-01-06","USD","28768.67"
"Net position","2014-01-07","2014-01-07","2014-01-07","USD","28745.07"
"Net position","2014-01-08","2014-01-08","2014-01-08","USD","28680.07"
"Net position","2014-01-09","2014-01-09","2014-01-09","USD","28680.07"
"Net position","2014-01-10","2014-01-10","2014-01-10","USD","28530.98"
"Net position","2014-01-11","2014-01-11","2014-01-11","USD","28490.93"
"Net position","2014-01-12","2014-01-12","2014-01-12","USD","28490.93"
"Net position","2014-01-13","2014-01-13","2014-01-13","USD","28419.83"
"Net position","2014-01-14","2014-01-14","2014-01-14","USD","28419.83"
"Net position","2014-01-15","2014-01-15","2014-01-15","USD","28419.83"
"Net position","2014-01-16","2014-01-16","2014-01-16","USD","29689.68"
"Net position","2014-01-17","2014-01-17","2014-01-17","USD","30289.68"
"Net position","2014-01-18","2014-01-18","2014-01-18","USD","30201.09"
"Net position","2014-01-19","2014-01-19","2014-01-19","USD","30201.09"
"Net position","2014-01-20","2014-01-20","2014-01-20","USD","28401.30"
"Net position","2014-01-21","2014-01-21","2014-01-21","USD","28368.48"
"Net position","2014-01-22","2014-01-22","2014-01-22","USD","28288.34"
"Net position","2014-01-23","2014-01-23","2014-01-23","USD","28288.34"
"Net position","2014-01-24","2014-01-24","2014-01-24","USD","28265.38"
"Net position","2014-01-25","2014-01-25","2014-01-25","USD","28210.60"
"Net position","2014-01-26","2014-01-26","2014-01-26","USD","28210.60"
"Net position","2014-01-27","2014-01-27","2014-01-27","USD","28210.60"
"Net position","2014-01-28","2014-01-28","2014-01-28","USD","28149.70"
"Net position","2014-01-29","2014-01-29","2014-01-29","USD","28149.70"
"Net position","2014-01-30","2014-01-30","2014-01-30","USD","29456.46"
"Net position","2014-01-31","2014-01-31","2014-01-31","USD","30056.46"
"Net position","2014-02-01","2014-02-01","2014-02-01","USD","30056.46"
"Net position","2014-02-02","2014-02-02","2014-02-02","USD","30056.46"
"Net position","2014-02-03","2014-02-03","2014-02-03","USD","28275.11"
"Net position","2014-02-04","2014-02-04","2014-02-04","USD","25826.66"
"Net position","2014-02-05","2014-02-05","2014-02-05","USD","25826.66"
"Net position","2014-02-06","2014-02-06","2014-02-06","USD","25653.73"
"Net position","2014-02-07","2014-02-07","2014-02-07","USD","25653.73"
"Net position","2014-02-08","2014-02-08","2014-02-08","USD","25653.73"
"Net position","2014-02-09","2014-02-09","2014-02-09","USD","25588.73"
"Net position","2014-02-10","2014-02-10","2014-02-10","USD","25483.50"
"Net position","2014-02-11","2014-02-11","2014-02-11","USD","25483.50"
"Net position","2014-02-12","2014-02-12","2014-02-12","USD","25483.50"
"Net position","2014-02-13","2014-02-13","2014-02-13","USD","26838.72"
"Net position","2014-02-14","2014-02-14","2014-02-14","USD","27438.72"
"Net position","2014-02-15","2014-02-15","2014-02-15","USD","27396.93"
"Net position","2014-02-16","2014-02-16","2014-02-16","USD","27396.93"
"Net position","2014-02-17","2014-02-17","2014-02-17","USD","25615.28"
"Net position","2014-02-18","2014-02-18","2014-02-18","USD","25563.60"
"Net position","2014-02-19","2014-02-19","2014-02-19","USD","25541.28"
"Net position","2014-02-20","2014-02-20","2014-02-20","USD","25541.28"
"Net position","2014-02-21","2014-02-21","2014-02-21","USD","25522.62"
"Net position","2014-02-22","2014-02-22","2014-02-22","USD","25442.70"
"Net position","2014-02-23","2014-02-23","2014-02-23","USD","25346.42"
"Net position","2014-02-24","2014-02-24","2014-02-24","USD","25346.42"
"Net position","2014-02-25","2014-02-25","2014-02-25","USD","25311.88"
"Net position","2014-02-26","2014-02-26","2014-02-26","USD","25311.88"
"Net position","2014-02-27","2014-02-27","2014-02-27","USD","26667.10"
"Net position","2014-02-28","2014-02-28","2014-02-28","USD","27267.10"
"Net position","2014-03-01","2014-03-01","2014-03-01","USD","27226.28"
"Net position","2014-03-02","2014-03-02","2014-03-02","USD","27193.94"
"Net position","2014-03-03","2014-03-03","2014-03-03","USD","22980.58"
"Net position","2014-03-04","2014-03-04","2014-03-04","USD","22976.58"
"Net position","2014-03-05","2014-03-05","2014-03-05","USD","22928.60"
"Net position","2014-03-06","2014-03-06","2014-03-06","USD","22928.60"
"Net position","2014-03-07","2014-03-07","2014-03-07","USD","22928.60"
"Net position","2014-03-08","2014-03-08","2014-03-08","USD","22766.00"
"Net position","2014-03-09","2014-03-09","2014-03-09","USD","22701.00"
"Net position","2014-03-10","2014-03-10","2014-03-10","USD","22677.78"
"Net position","2014-03-11","2014-03-11","2014-03-11","USD","24975.77"
"Net position","2014-03-12","2014-03-12","2014-03-12","USD","26381.54"
"Net position","2014-03-13","2014-03-13","2014-03-13","USD","27736.76"
"Net position","2014-03-14","2014-03-14","2014-03-14","USD","28336.76"
"Net position","2014-03-15","2014-03-15","2014-03-15","USD","28258.47"
"Net position","2014-03-16","2014-03-16","2014-03-16","USD","28237.94"
"Net position","2014-03-17","2014-03-17","2014-03-17","USD","26457.24"
"Net position","2014-03-18","2014-03-18","2014-03-18","USD","22516.77"
"Net position","2014-03-19","2014-03-19","2014-03-19","USD","22485.58"
"Net position","2014-03-20","2014-03-20","2014-03-20","USD","22485.58"
"Net position","2014-03-21","2014-03-21","2014-03-21","USD","22405.44"
"Net position","2014-03-22","2014-03-22","2014-03-22","USD","21546.35"
"Net position","2014-03-23","2014-03-23","2014-03-23","USD","21546.35"
"Net position","2014-03-24","2014-03-24","2014-03-24","USD","21475.78"
"Net position","2014-03-25","2014-03-25","2014-03-25","USD","21475.78"
"Net position","2014-03-26","2014-03-26","2014-03-26","USD","21451.82"
"Net position","2014-03-27","2014-03-27","2014-03-27","USD","23713.85"
"Net position","2014-03-28","2014-03-28","2014-03-28","USD","24188.43"
"Net position","2014-03-29","2014-03-29","2014-03-29","USD","24188.43"
"Net position","2014-03-30","2014-03-30","2014-03-30","USD","24188.43"
"Net position","2014-03-31","2014-03-31","2014-03-31","USD","22379.14"
"Net position","2014-04-01","2014-04-01","2014-04-01","USD","22379.14"
"Net position","2014-04-02","2014-04-02","2014-04-02","USD","22379.14"
"Net position","2014-04-03","2014-04-03","2014-04-03","USD","22379.14"
"Net position","2014-04-04","2014-04-04","2014-04-04","USD","19905.99"
"Net position","2014-04-05","2014-04-05","2014-04-05","USD","19905.99"
"Net position","2014-04-06","2014-04-06","2014-04-06","USD","19905.99"
"Net position","2014-04-07","2014-04-07","2014-04-07","USD","19905.99"
"Net position","2014-04-08","2014-04-08","2014-04-08","USD","19905.99"
"Net position","2014-04-09","2014-04-09","2014-04-09","USD","19776.81"
"Net position","2014-04-10","2014-04-10","2014-04-10","USD","20992.06"
"Net position","2014-04-11","2014-04-11","2014-04-11","USD","21592.06"
"Net position","2014-04-12","2014-04-12","2014-04-12","USD","21592.06"
"Net position","2014-04-13","2014-04-13","2014-04-13","USD","21592.06"
"Net position","2014-04-14","2014-04-14","2014-04-14","USD","19811.20"
"Net position","2014-04-15","2014-04-15","2014-04-15","USD","19791.76"
"Net position","2014-04-16","2014-04-16","2014-04-16","USD","19791.76"
"Net position","2014-04-17","2014-04-17","2014-04-17","USD","19671.84"
"Net position","2014-04-18","2014-04-18","2014-04-18","USD","19648.29"
"Net position","2014-04-19","2014-04-19","2014-04-19","USD","19648.29"
"Net position","2014-04-20","2014-04-20","2014-04-20","USD","19612.24"
"Net position","2014-04-21","2014-04-21","2014-04-21","USD","19612.24"
"Net position","2014-04-22","2014-04-22","2014-04-22","USD","19570.84"
"Net position","2014-04-23","2014-04-23","2014-04-23","USD","19490.77"
"Net position","2014-04-24","2014-04-24","2014-04-24","USD","20845.99"
"Net position","2014-04-25","2014-04-25","2014-04-25","USD","21445.99"
"Net position","2014-04-26","2014-04-26","2014-04-26","USD","21422.65"
"Net position","2014-04-27","2014-04-27","2014-04-27","USD","21422.65"
"Net position","2014-04-28","2014-04-28","2014-04-28","USD","19641.73"
"Net position","2014-04-29","2014-04-29","2014-04-29","USD","19641.73"
"Net position","2014-04-30","2014-04-30","2014-04-30","USD","19641.73"
"Net position","2014-05-01","2014-05-01","2014-05-01","USD","19611.82"
"Net position","2014-05-02","2014-05-02","2014-05-02","USD","19611.82"
"Net position","2014-05-03","2014-05-03","2014-05-03","USD","17211.82"
"Net position","2014-05-04","2014-05-04","2014-05-04","USD","17165.27"
"Net position","2014-05-05","2014-05-05","2014-05-05","USD","17105.89"
"Net position","2014-05-06","2014-05-06","2014-05-06","USD","17073.18"
"Net position","2014-05-07","2014-05-07","2014-05-07","USD","17073.18"
"Net position","2014-05-08","2014-05-08","2014-05-08","USD","18363.40"
"Net position","2014-05-09","2014-05-09","2014-05-09","USD","18813.30"
"Net position","2014-05-10","2014-05-10","2014-05-10","USD","18688.36"
"Net position","2014-05-11","2014-05-11","2014-05-11","USD","18688.36"
"Net position","2014-05-12","2014-05-12","2014-05-12","USD","16907.15"
"Net position","2014-05-13","2014-05-13","2014-05-13","USD","16907.15"
"Net position","2014-05-14","2014-05-14","2014-05-14","USD","16907.15"
"Net position","2014-05-15","2014-05-15","2014-05-15","USD","16798.99"
"Net position","2014-05-16","2014-05-16","2014-05-16","USD","16798.99"
"Net position","2014-05-17","2014-05-17","2014-05-17","USD","16798.99"
"Net position","2014-05-18","2014-05-18","2014-05-18","USD","16798.99"
"Net position","2014-05-19","2014-05-19","2014-05-19","USD","16798.99"
"Net position","2014-05-20","2014-05-20","2014-05-20","USD","16766.30"
"Net position","2014-05-21","2014-05-21","2014-05-21","USD","16639.78"
"Net position","2014-05-22","2014-05-22","2014-05-22","USD","17995.00"
"Net position","2014-05-23","2014-05-23","2014-05-23","USD","18595.00"
"Net position","2014-05-24","2014-05-24","2014-05-24","USD","18595.00"
"Net position","2014-05-25","2014-05-25","2014-05-25","USD","18595.00"
"Net position","2014-05-26","2014-05-26","2014-05-26","USD","16778.06"
"Net position","2014-05-27","2014-05-27","2014-05-27","USD","16778.06"
"Net position","2014-05-28","2014-05-28","2014-05-28","USD","16718.01"
"Net position","2014-05-29","2014-05-29","2014-05-29","USD","16718.01"
"Net position","2014-05-30","2014-05-30","2014-05-30","USD","16704.48"
"Net position","2014-05-31","2014-05-31","2014-05-31","USD","16696.75"
"Net position","2014-06-01","2014-06-01","2014-06-01","USD","16696.75"
"Net position","2014-06-02","2014-06-02","2014-06-02","USD","16696.75"
"Net position","2014-06-03","2014-06-03","2014-06-03","USD","14296.75"
"Net position","2014-06-04","2014-06-04","2014-06-04","USD","14210.79"
"Net position","2014-06-05","2014-06-05","2014-06-05","USD","15523.76"
"Net position","2014-06-06","2014-06-06","2014-06-06","USD","16123.76"
"Net position","2014-06-07","2014-06-07","2014-06-07","USD","16123.76"
"Net position","2014-06-08","2014-06-08","2014-06-08","USD","16003.76"
"Net position","2014-06-09","2014-06-09","2014-06-09","USD","14157.24"
"Net position","2014-06-10","2014-06-10","2014-06-10","USD","14135.30"
"Net position","2014-06-11","2014-06-11","2014-06-11","USD","14135.30"
"Net position","2014-06-12","2014-06-12","2014-06-12","USD","14117.72"
"Net position","2014-06-13","2014-06-13","2014-06-13","USD","14117.72"
"Net position","2014-06-14","2014-06-14","2014-06-14","USD","13949.98"
"Net position","2014-06-15","2014-06-15","2014-06-15","USD","13949.98"
"Net position","2014-06-16","2014-06-16","2014-06-16","USD","13932.58"
"Net position","2014-06-17","2014-06-17","2014-06-17","USD","13932.58"
"Net position","2014-06-18","2014-06-18","2014-06-18","USD","13932.58"
"Net position","2014-06-19","2014-06-19","2014-06-19","USD","15256.62"
"Net position","2014-06-20","2014-06-20","2014-06-20","USD","15856.62"
"Net position","2014-06-21","2014-06-21","2014-06-21","USD","15776.64"
"Net position","2014-06-22","2014-06-22","2014-06-22","USD","15737.28"
"Net position","2014-06-23","2014-06-23","2014-06-23","USD","13869.40"
"Net position","2014-06-24","2014-06-24","2014-06-24","USD","13823.74"
"Net position","2014-06-25","2014-06-25","2014-06-25","USD","13823.74"
"Net position","2014-06-26","2014-06-26","2014-06-26","USD","13748.39"
"Net position","2014-06-27","2014-06-27","2014-06-27","USD","13704.72"
"Net position","2014-06-28","2014-06-28","2014-06-28","USD","13624.41"
"Net position","2014-06-29","2014-06-29","2014-06-29","USD","13586.81"
"Net position","2014-06-30","2014-06-30","2014-06-30","USD","13537.62"
"Net position","2014-07-01","2014-07-01","2014-07-01","USD","13490.84"
"Net position","2014-07-02","2014-07-02","2014-07-02","USD","13433.94"
"Net position","2014-07-03","2014-07-03","2014-07-03","USD","12325.09"
"Net position","2014-07-04","2014-07-04","2014-07-04","USD","12921.09"
"Net position","2014-07-05","2014-07-05","2014-07-05","USD","12830.03"
"Net position","2014-07-06","2014-07-06","2014-07-06","USD","12795.26"
"Net position","2014-07-07","2014-07-07","2014-07-07","USD","11014.92"
"Net position","2014-07-08","2014-07-08","2014-07-08","USD","11009.14"
"Net position","2014-07-09","2014-07-09","2014-07-09","USD","10921.10"
"Net position","2014-07-10","2014-07-10","2014-07-10","USD","10851.01"
"Net position","2014-07-11","2014-07-11","2014-07-11","USD","10765.39"
"Net position","2014-07-12","2014-07-12","2014-07-12","USD","10681.48"
"Net position","2014-07-13","2014-07-13","2014-07-13","USD","10658.66"
"Net position","2014-07-14","2014-07-14","2014-07-14","USD","10524.87"
"Net position","2014-07-15","2014-07-15","2014-07-15","USD","10524.87"
"Net position","2014-07-16","2014-07-16","2014-07-16","USD","10524.87"
"Net position","2014-07-17","2014-07-17","2014-07-17","USD","12380.09"
"Net position","2014-07-18","2014-07-18","2014-07-18","USD","12711.91"
"Net position","2014-07-19","2014-07-19","2014-07-19","USD","12711.91"
"Net position","2014-07-20","2014-07-20","2014-07-20","USD","12711.91"
"Net position","2014-07-21","2014-07-21","2014-07-21","USD","11555.41"
"Net position","2014-07-22","2014-07-22","2014-07-22","USD","11555.41"
"Net position","2014-07-23","2014-07-23","2014-07-23","USD","11555.41"
"Net position","2014-07-24","2014-07-24","2014-07-24","USD","11520.71"
"Net position","2014-07-25","2014-07-25","2014-07-25","USD","11520.71"
"Net position","2014-07-26","2014-07-26","2014-07-26","USD","8504.02"
"Net position","2014-07-27","2014-07-27","2014-07-27","USD","8504.02"
"Net position","2014-07-28","2014-07-28","2014-07-28","USD","8504.02"
"Net position","2014-07-29","2014-07-29","2014-07-29","USD","8441.98"
"Net position","2014-07-30","2014-07-30","2014-07-30","USD","8441.98"
"Net position","2014-07-31","2014-07-31","2014-07-31","USD","10997.20"
"Net position","2014-08-01","2014-08-01","2014-08-01","USD","10997.20"
"Net position","2014-08-02","2014-08-02","2014-08-02","USD","10976.94"
"Net position","2014-08-03","2014-08-03","2014-08-03","USD","8498.02"
"Net position","2014-08-04","2014-08-04","2014-08-04","USD","8494.02"
"Net position","2014-08-05","2014-08-05","2014-08-05","USD","8449.56"
"Net position","2014-08-06","2014-08-06","2014-08-06","USD","8449.56"
"Net position","2014-08-07","2014-08-07","2014-08-07","USD","8449.56"
"Net position","2014-08-08","2014-08-08","2014-08-08","USD","8346.94"
"Net position","2014-08-09","2014-08-09","2014-08-09","USD","8156.56"
"Net position","2014-08-10","2014-08-10","2014-08-10","USD","8107.98"
"Net position","2014-08-11","2014-08-11","2014-08-11","USD","8077.74"
"Net position","2014-08-12","2014-08-12","2014-08-12","USD","8077.74"
"Net position","2014-08-13","2014-08-13","2014-08-13","USD","8053.01"
"Net position","2014-08-14","2014-08-14","2014-08-14","USD","10608.23"
"Net position","2014-08-15","2014-08-15","2014-08-15","USD","10461.20"
"Net position","2014-08-16","2014-08-16","2014-08-16","USD","10461.20"
"Net position","2014-08-17","2014-08-17","2014-08-17","USD","10461.20"
"Net position","2014-08-18","2014-08-18","2014-08-18","USD","8774.95"
"Net position","2014-08-19","2014-08-19","2014-08-19","USD","8774.95"
"Net position","2014-08-20","2014-08-20","2014-08-20","USD","8753.09"
"Net position","2014-08-21","2014-08-21","2014-08-21","USD","8730.05"
"Net position","2014-08-22","2014-08-22","2014-08-22","USD","8620.29"
"Net position","2014-08-23","2014-08-23","2014-08-23","USD","8505.89"
"Net position","2014-08-24","2014-08-24","2014-08-24","USD","8505.89"
"Net position","2014-08-25","2014-08-25","2014-08-25","USD","8468.43"
"Net position","2014-08-26","2014-08-26","2014-08-26","USD","8468.43"
"Net position","2014-08-27","2014-08-27","2014-08-27","USD","8429.08"
"Net position","2014-08-28","2014-08-28","2014-08-28","USD","10984.30"
"Net position","2014-08-29","2014-08-29","2014-08-29","USD","10943.74"
"Net position","2014-08-30","2014-08-30","2014-08-30","USD","10907.01"
"Net position","2014-08-31","2014-08-31","2014-08-31","USD","10888.08"
"Net position","2014-09-01","2014-09-01","2014-09-01","USD","10864.00"
"Net position","2014-09-02","2014-09-02","2014-09-02","USD","10864.00"
"Net position","2014-09-03","2014-09-03","2014-09-03","USD","8464.00"
"Net position","2014-09-04","2014-09-04","2014-09-04","USD","8460.00"
"Net position","2014-09-05","2014-09-05","2014-09-05","USD","8448.98"
"Net position","2014-09-06","2014-09-06","2014-09-06","USD","8448.98"
"Net position","2014-09-07","2014-09-07","2014-09-07","USD","8371.40"
"Net position","2014-09-08","2014-09-08","2014-09-08","USD","8140.01"
"Net position","2014-09-09","2014-09-09","2014-09-09","USD","8112.99"
"Net position","2014-09-10","2014-09-10","2014-09-10","USD","8087.60"
"Net position","2014-09-11","2014-09-11","2014-09-11","USD","10642.82"
"Net position","2014-09-12","2014-09-12","2014-09-12","USD","10642.82"
"Net position","2014-09-13","2014-09-13","2014-09-13","USD","10611.85"
"Net position","2014-09-14","2014-09-14","2014-09-14","USD","6698.88"
"Net position","2014-09-15","2014-09-15","2014-09-15","USD","6698.88"
"Net position","2014-09-16","2014-09-16","2014-09-16","USD","6698.88"
"Net position","2014-09-17","2014-09-17","2014-09-17","USD","6698.88"
"Net position","2014-09-18","2014-09-18","2014-09-18","USD","6676.08"
"Net position","2014-09-19","2014-09-19","2014-09-19","USD","6676.08"
"Net position","2014-09-20","2014-09-20","2014-09-20","USD","6640.51"
"Net position","2014-09-21","2014-09-21","2014-09-21","USD","6640.51"
"Net position","2014-09-22","2014-09-22","2014-09-22","USD","6640.51"
"Net position","2014-09-23","2014-09-23","2014-09-23","USD","6560.41"
"Net position","2014-09-24","2014-09-24","2014-09-24","USD","6539.26"
"Net position","2014-09-25","2014-09-25","2014-09-25","USD","9094.48"
"Net position","2014-09-26","2014-09-26","2014-09-26","USD","8988.07"
"Net position","2014-09-27","2014-09-27","2014-09-27","USD","8988.07"
"Net position","2014-09-28","2014-09-28","2014-09-28","USD","8988.07"
"Net position","2014-09-29","2014-09-29","2014-09-29","USD","8960.63"
"Net position","2014-09-30","2014-09-30","2014-09-30","USD","8960.63"
"Net position","2014-10-01","2014-10-01","2014-10-01","USD","8960.63"
"Net position","2014-10-02","2014-10-02","2014-10-02","USD","8960.63"
"Net position","2014-10-03","2014-10-03","2014-10-03","USD","8960.63"
"Net position","2014-10-04","2014-10-04","2014-10-04","USD","8918.46"
"Net position","2014-10-05","2014-10-05","2014-10-05","USD","8918.46"
"Net position","2014-10-06","2014-10-06","2014-10-06","USD","8895.46"
"Net position","2014-10-07","2014-10-07","2014-10-07","USD","8895.46"
"Net position","2014-10-08","2014-10-08","2014-10-08","USD","8775.46"
"Net position","2014-10-09","2014-10-09","2014-10-09","USD","11330.68"
"Net position","2014-10-10","2014-10-10","2014-10-10","USD","11330.68"
"Net position","2014-10-11","2014-10-11","2014-10-11","USD","11308.85"
